time,chyron,network
10:00:00,,msnbc
10:01:00,,msnbc
10:02:00,,msnbc
10:03:00,,msnbc
10:04:00,,msnbc
10:05:00,SENATE HEARING ON KAVANAUGH SEXUAL ASSAULT ALLEGATION UNDERWAY,msnbc
10:06:00,CHRISTINE BLASEY FORD TO TESTIFY ON KAVANAUGH ALLEGATIONS,msnbc
10:07:00,,msnbc
10:08:00,,msnbc
10:09:00,,msnbc
10:10:00,,msnbc
10:11:00,,msnbc
10:12:00,,msnbc
10:13:00,,msnbc
10:14:00,,msnbc
10:15:00,,msnbc
10:16:00,,msnbc
10:17:00,"CHRISTINE BLASEY FORD TO TESTIFY ON KAVANAUGH ALLEGATION. GRASSLEY: LOOK FORWARD TO ""FAIR & RESPECTFUL"" HEARING",msnbc
10:18:00,CHRISTINE BLASEY FORD TO TESTIFY ON KAVANAUGH ALLEGATION. GRASSLEY: TRYING TO INVESTIGATE OTHER ALLEGATIONS.,msnbc
10:19:00,CHRISTINE BLASEY FORD TO TESTIFY ON KAVANAUGH ALLEGATION. FEINSTEIN MAKES OPENING STATEMENT AHEAD OF FORD TESTIMONY,msnbc
10:20:00,,msnbc
10:21:00,CHRISTINE BLASEY FORD TO TESTIFY ON KAVANAUGH ALLEGATION. FEINSTEIN: YOU'LL SEE WHY I KEPT FORD'S ALLEGATION CONFIDENTIAL,msnbc
10:22:00,,msnbc
10:23:00,,msnbc
10:24:00,,msnbc
10:25:00,,msnbc
10:26:00,,msnbc
10:27:00,,msnbc
10:28:00,,msnbc
10:29:00,,msnbc
10:30:00,"CHRISTINE BLASEY FORD TO TESTIFY ON KAVANAUGH ALLEGATION. FEINSTEIN: ""INEXCUSABLE"" TO MAKE A ""RUSH TO JUDGMENT"" ON FORD",msnbc
10:31:00,,msnbc
10:32:00,CHRISTINE BLASEY FORD TO TESTIFY ON KAVANAUGH ALLEGATION. FEINSTEIN: ALLEGATIONS SHOULD BE INVESTIGATED BY FBI,msnbc
10:33:00,,msnbc
10:34:00,,msnbc
10:35:00,,msnbc
10:36:00,KAVANAUGH ACCUSER CHRISTINE BLASEY FORD SPEAKS BEFORE SENATE,msnbc
10:37:00,,msnbc
10:38:00,,msnbc
10:39:00,,msnbc
10:40:00,,msnbc
10:41:00,CHRISTINE BLASEY FORD DETAILS HER ALLEGATIONS AGAINST KAVANAUGH,msnbc
10:42:00,,msnbc
10:43:00,,msnbc
10:44:00,,msnbc
10:45:00,,msnbc
10:46:00,,msnbc
10:47:00,CHRISTINE BLASEY FORD DETAILS HER ALLEGATIONS AGAINST KAVANAUGH,msnbc
10:48:00,,msnbc
10:49:00,,msnbc
10:50:00,,msnbc
10:51:00,,msnbc
10:52:00,"FORD: APART FROM THE ASSAULT, ""LAST COUPLE OF WEEKS HAVE BEEN THE HARDEST OF MY LIFE."" ""MY HUSBAND RECALLS I NAMED KAVANAUGH AS ATTACKER IN 2O12."" KAVANAUGH ""VISIBLY DRUNK"" AT PARTY.",msnbc
10:53:00,"FORD: ""EXTREMELY HARD"" FOR ME TO NAME KAVANAUGH AS ATTACKER. ""I AM HERE TODAY NOT BECAUSE I WANT TO BE. I AM TERRIFIED."" ""IT IS MY CIVIC DUTY TO TELL YOU WHAT HAPPENED TO ME.""",msnbc
10:54:00,ARIZONA SEX CRIMES PROSECUTOR QUESTIONING KAVANAUGH ACCUSER,msnbc
10:55:00,,msnbc
10:56:00,,msnbc
10:57:00,,msnbc
10:58:00,,msnbc
10:59:00,,msnbc
11:00:00,SENATE HEARING ON KAVANAUGH SEXUAL ASSAULT ALLEGATION UNDERWAY. KAVANAUGH ACCUSER DR. CHRISTINE BLASEY FORD SPEAKS BEFORE SENATE,msnbc
11:01:00,,msnbc
11:02:00,,msnbc
11:03:00,"FORD: ""I HAVE BEEN COPING WITH PTSD-LIKE SYMPTOMS""",msnbc
11:04:00,"FORD: ""STRUGGLED ACADEMICALLY"" AFTER ALLEGED KAVANAUGH ASSAULT.",msnbc
11:05:00,,msnbc
11:06:00,ARIZONA SEX CRIMES PROSECUTOR QUESTIONING KAVANAUGH ACCUSER,msnbc
11:07:00,,msnbc
11:08:00,,msnbc
11:09:00,,msnbc
11:10:00,,msnbc
11:11:00,KAVANAUGH ACCUSER DR. CHRISTINE BLASEY FORD SPEAKS BEFORE SENATE,msnbc
11:12:00,FORD: ALLEGED KAVANAUGH ASSAULT NOT A CASE OF MISTAKEN,msnbc
11:13:00,,msnbc
11:14:00,"KAVANAUGH ACCUSER DR. CHRISTINE BLASEY FORD SPEAKS BEFORE SENATE. FORD: I REMEMBER KAVANAUGH'S ""LAUGHTER"" DURING ASSAULT",msnbc
11:15:00,,msnbc
11:16:00,ARIZONA SEX CRIMES PROSECUTOR QUESTIONING KAVANAUGH ACCUSER,msnbc
11:17:00,,msnbc
11:18:00,,msnbc
11:19:00,,msnbc
11:20:00,,msnbc
11:21:00,,msnbc
11:22:00,,msnbc
11:23:00,,msnbc
11:24:00,,msnbc
11:25:00,,msnbc
11:26:00,,msnbc
11:27:00,"FORD: ""100%"" CERTAIN THAT KAVANAUGH ASSAULTED ME",msnbc
11:28:00,,msnbc
11:29:00,,msnbc
11:30:00,,msnbc
11:31:00,,msnbc
11:32:00,,msnbc
11:33:00,FORD: ALLEGED KAVANAUGH ASSAULT NOT A CASE OF MISTAKEN IDENTITY. I HAVE BEEN COPING WITH PTSD-LIKE SYMPTOMS.,msnbc
11:34:00,,msnbc
11:35:00,FORD: ALLEGED KAVANAUGH ASSAULT NOT A CASE OF MISTAKEN IDENTITY,msnbc
11:36:00,"FORD: KAVANAUGH ""PUT HIS HAND OVER. MY MOUTH TO STOP ME FROM SCREAMING"". KAVANAUGH'S ASSAULT ON ME DRASTICALLY ALTERED MY LIFE.",msnbc
11:37:00,"FORD: ""I DID MY BEST TO SUPPRESS MEMORIES OF THE ASSAULT"". FORD: APART FROM THE ASSAULT, ""LAST COUPLE. OF WEEKS HAVE BEEN THE HARDEST OF MY LIFE"".",msnbc
11:38:00,"FORD: KAVANAUGH ""DRUNKENLY LAUGHING"" DURING ATTACK. KAVANAUGH ""VISIBLY DRUNK"" AT PARTY. MY HUSBAND RECALLS I NAMED KAVANAUGH AS ATTACKER IN 2O12",msnbc
11:39:00,"FORD: I HAVE BEEN COPING WITH PTSD-LIKE SYMPTOMS. ""EXTREMELY HARD"" FOR ME TO NAME KAVANAUGH AS ATTACKER. WORRIED I'D BE ""PERSONALLY ANNIHILATED"" AFTER COMING FORWARD",msnbc
11:40:00,"SOON: KAVANAUGH ACCUSER RESUMES TESTIMONY. FORD: WORRIED I'D BE ""PERSONALLY ANNIHILATED"" AFTER COMING FORWARD",msnbc
11:41:00,"SOON: KAVANAUGH ACCUSER RESUMES TESTIMONY. FORD: ""100%"" CERTAIN THAT KAVANAUGH ASSAULTED ME",msnbc
11:42:00,,msnbc
11:43:00,SOON: KAVANAUGH ACCUSER RESUMES TESTIMONY,msnbc
11:44:00,,msnbc
11:45:00,,msnbc
11:46:00,,msnbc
11:47:00,,msnbc
11:48:00,,msnbc
11:49:00,,msnbc
11:50:00,,msnbc
11:51:00,,msnbc
11:52:00,,msnbc
11:53:00,,msnbc
11:54:00,KAVANAUGH ACCUSER DR. CHRISTINE BLASEY FORD SPEAKS BEFORE SENATE,msnbc
11:55:00,,msnbc
11:56:00,,msnbc
11:57:00,,msnbc
11:58:00,,msnbc
11:59:00,,msnbc
12:00:00,,msnbc
12:01:00,,msnbc
12:02:00,,msnbc
12:03:00,,msnbc
12:04:00,ARIZONA SEX CRIMES PROSECUTOR QUESTIONING KAVANAUGH ACCUSER,msnbc
12:05:00,,msnbc
12:06:00,FORD: ALLEGED KAVANAUGH ASSAULT NOT A CASE OF MISTAKEN IDENTITY. KAVANAUGH ACCUSER DR. CHRISTINE BLASEY FORD SPEAKS BEFORE SENATE,msnbc
12:07:00,"KAVANAUGH ACCUSER DR. CHRISTINE BLASEY FORD SPEAKS BEFORE SENATE. FORD: ""100%"" CERTAIN THAT KAVANAUGH ASSAULTED",msnbc
12:08:00,,msnbc
12:09:00,,msnbc
12:10:00,,msnbc
12:11:00,,msnbc
12:12:00,DEMS AIM TO INTRODUCE FORD POLYGRAPH RESULTS INTO RECORD,msnbc
12:13:00,,msnbc
12:14:00,ARIZONA SEX CRIMES PROSECUTOR QUESTIONING KAVANAUGH ACCUSER. FORD: I TOOK POLYGRAPH TEST AT REQUEST OF AN ATTORNEY,msnbc
12:15:00,,msnbc
12:16:00,,msnbc
12:17:00,,msnbc
12:18:00,,msnbc
12:19:00,,msnbc
12:20:00,,msnbc
12:21:00,,msnbc
12:22:00,,msnbc
12:23:00,,msnbc
12:24:00,,msnbc
12:25:00,,msnbc
12:26:00,,msnbc
12:27:00,,msnbc
12:28:00,,msnbc
12:29:00,,msnbc
12:30:00,,msnbc
12:31:00,,msnbc
12:32:00,,msnbc
12:33:00,,msnbc
12:34:00,,msnbc
12:35:00,,msnbc
12:36:00,,msnbc
12:37:00,,msnbc
12:38:00,,msnbc
12:39:00,,msnbc
12:40:00,,msnbc
12:41:00,,msnbc
12:42:00,,msnbc
12:43:00,,msnbc
12:44:00,"FORD: KAVANAUGH ""PUT HIS HAND OVER MY MOUTH TO STOP ME FROM SCREAMING."" KAVANAUGH ""GROPED ME AND TRIED TO TAKE OFF MY CLOTHES."" ""I THOUGHT THAT BRETT WAS ACCIDENTALLY GOING TO KILL ME.""",msnbc
12:45:00,"FORD: KAVANAUGH'S ""ASSAULT ON ME DRASTICALLY ALTERED MY LIFE."" APART FROM THE ASSAULT, ""LAST COUPLE. OF WEEKS HAVE BEEN THE HARDEST OF MY LIFE.""",msnbc
12:46:00,,msnbc
12:47:00,"FORD: KAVANAUGH ""DRUNKENLY LAUGHING"" DURING ATTACKS",msnbc
12:48:00,"FORD: ""I AM HERE TODAY NOT BECAUSE I WANT TO BE. ""I AM TERRIFIED"". ""IT IS MY CIVIC DUTY TO TELL YOU WHAT HAPPENED TO ME""",msnbc
12:49:00,,msnbc
12:50:00,"FORD: KAVANAUGH ""GROPED ME AND TRIED TO TAKE OFF MY CLOTHES""",msnbc
12:51:00,,msnbc
12:52:00,"FORD: APART FROM THE ASSAULT, ""LAST COUPLE OF WEEKS HAVE BEEN THE HARDEST OF MY LIFE"". KAVANAUGH ""DRUNKENLY LAUGHING"" DURING ATTACK. KAVANAUGH ""VISIBLY DRUNK"" AT PARTY.",msnbc
12:53:00,,msnbc
12:54:00,"FORD: ""100%"" CERTAIN THAT KAVANAUGH ASSAULTED ME",msnbc
12:55:00,"FORD: KAVANAUGH ""PUT HIS HAND OVER. MY MOUTH TO STOP ME FROM SCREAMING""",msnbc
12:56:00,,msnbc
12:57:00,,msnbc
12:58:00,,msnbc
12:59:00,"FORD: ""IT IS MY CIVIC DUTY TO TELL YOU WHAT HAPPENED TO ME"". ""I AM HERE TODAY NOT BECAUSE I WANT TO BE. I AM TERRIFIED""",msnbc
13:00:00,SOON: QUESTIONING OF KAVANAUGH ACCUSER RESUMES IN SENATE,msnbc
13:01:00,,msnbc
13:02:00,,msnbc
13:03:00,,msnbc
13:04:00,,msnbc
13:05:00,,msnbc
13:06:00,,msnbc
13:07:00,,msnbc
13:08:00,,msnbc
13:09:00,,msnbc
13:10:00,,msnbc
13:11:00,,msnbc
13:12:00,,msnbc
13:13:00,,msnbc
13:14:00,,msnbc
13:15:00,,msnbc
13:16:00,,msnbc
13:17:00,,msnbc
13:18:00,,msnbc
13:19:00,,msnbc
13:20:00,,msnbc
13:21:00,,msnbc
13:22:00,,msnbc
13:23:00,,msnbc
13:24:00,,msnbc
13:25:00,,msnbc
13:26:00,,msnbc
13:27:00,,msnbc
13:28:00,,msnbc
13:29:00,,msnbc
13:30:00,,msnbc
13:31:00,,msnbc
13:32:00,,msnbc
13:33:00,,msnbc
13:34:00,,msnbc
13:35:00,,msnbc
13:36:00,,msnbc
13:37:00,,msnbc
13:38:00,,msnbc
13:39:00,QUESTIONING OF KAVANAUGH ACCUSER RESUMES IN SENATE.,msnbc
13:40:00,"FORD: ""NO"" POLITICAL MOTIVATION FOR COMING FORWARD. QUESTIONING OF KAVANAUGH ACCUSER RESUMES IN SENATE.",msnbc
13:41:00,,msnbc
13:42:00,,msnbc
13:43:00,ARIZONA SEX CRIMES PROSECUTOR QUESTIONING KAVANAUGH ACCUSER,msnbc
13:44:00,,msnbc
13:45:00,,msnbc
13:46:00,,msnbc
13:47:00,,msnbc
13:48:00,,msnbc
13:49:00,,msnbc
13:50:00,,msnbc
13:51:00,,msnbc
13:52:00,,msnbc
13:53:00,,msnbc
13:54:00,,msnbc
13:55:00,,msnbc
13:56:00,,msnbc
13:57:00,,msnbc
13:58:00,,msnbc
13:59:00,,msnbc
14:00:00,,msnbc
14:01:00,,msnbc
14:02:00,,msnbc
14:03:00,,msnbc
14:04:00,"FORD: ""ABSOLUTELY"" WOULD'VE BEEN HAPPY TO SUBMIT TO INTV. BY JUDICIARY CMTE.",msnbc
14:05:00,,msnbc
14:06:00,,msnbc
14:07:00,"FORD: ""I WOULD BE HAPPY TO COOPERATE WITH THE FBI""",msnbc
14:08:00,,msnbc
14:09:00,,msnbc
14:10:00,,msnbc
14:11:00,,msnbc
14:12:00,,msnbc
14:13:00,,msnbc
14:14:00,,msnbc
14:15:00,,msnbc
14:16:00,"FORD CONCLUDES TESTIMONY, KAVANAUGH TO SPEAK TO SENATE SOON",msnbc
14:17:00,,msnbc
14:18:00,,msnbc
14:19:00,,msnbc
14:20:00,,msnbc
14:21:00,,msnbc
14:22:00,"SEN. GRAHAM SPEAKS ON QUESTIONING OF KAVANAUGH ACCUSER. SEN. GRAHAM: I FEEL ""AMBUSHED"" BY DEMOCRATS",msnbc
14:23:00,,msnbc
14:24:00,"FORD CONCLUDES TESTIMONY, KAVANAUGH TO SPEAK TO SENATE SOON. SEN. GRAHAM: ""SOMETHING HAPPENED"" TO FORD, ""I DON'T KNOW WHAT""",msnbc
14:25:00,,msnbc
14:26:00,,msnbc
14:27:00,"SEN. GRAHAM: FORD'S KAVANAUGH ALLEGATIONS ARE ""ALL DELAY.""",msnbc
14:28:00,SOON: TRUMP'S SUPREME COURT NOMINEE SPEAKS BEFORE SENATE,msnbc
14:29:00,,msnbc
14:30:00,SOON: KAVANAUGH TESTIFIES ON ALLEGATIONS,msnbc
14:31:00,,msnbc
14:32:00,,msnbc
14:33:00,,msnbc
14:34:00,,msnbc
14:35:00,,msnbc
14:36:00,,msnbc
14:37:00,,msnbc
14:38:00,"SEN. CORNYN: NO REASON TO FIND FORD ""NOT CREDIBLE""",msnbc
14:39:00,,msnbc
14:40:00,,msnbc
14:41:00,,msnbc
14:42:00,,msnbc
14:43:00,,msnbc
14:44:00,KAVANAUGH SET TO TESTIFY ON SEXUAL ASSAULT ALLEGATIONS,msnbc
14:45:00,"FORD: KAVANAUGH ""DRUNKENLY LAUGHING"" DURING ATTACK",msnbc
14:46:00,,msnbc
14:47:00,FORD: I HAVE BEEN COPING WITH PTSD-LIKE SYMPTOMS,msnbc
14:48:00,"FORD: I REMEMBER KAVANAUGH'S ""LAUGHTER"" DURING ASSAULT. FORD: ALLEGED KAVANAUGH ASSAULT NOT A CASE OF MISTAKEN IDENTITY",msnbc
14:49:00,,msnbc
14:50:00,FORD: ALLEGED KAVANAUGH ASSAULT NOT A CASE OF MISTAKEN IDENTITY,msnbc
14:51:00,,msnbc
14:52:00,,msnbc
14:53:00,KAVANAUGH SET TO TESTIFY ON SEXUAL ASSAULT ALLEGATIONS,msnbc
14:54:00,,msnbc
14:55:00,,msnbc
14:56:00,,msnbc
14:57:00,,msnbc
14:58:00,,msnbc
14:59:00,,msnbc
15:00:00,,msnbc
15:01:00,,msnbc
15:02:00,,msnbc
15:03:00,,msnbc
15:04:00,,msnbc
15:05:00,,msnbc
15:06:00,,msnbc
15:07:00,KAVANAUGH ARRIVES TO TESTIFY ON ASSAULT ALLEGATIONS,msnbc
15:08:00,,msnbc
15:09:00,,msnbc
15:10:00,KAVANAUGH SET TO TESTIFY ON SEXUAL ASSAULT ALLEGATIONS. TRUMP'S SUPREME COURT NOMINEE SPEAKS BEFORE SENATE,msnbc
15:11:00,,msnbc
15:12:00,,msnbc
15:13:00,"TRUMP'S SUPREME COURT NOMINEE SPEAKS BEFORE SENATE. KAVANAUGH: MY NAME HAS BEEN ""TOTALLY AND PERMANENTLY DESTROYED""",msnbc
15:14:00,,msnbc
15:15:00,"KAVANAUGH: CONFIRMATION PROCESS HAS BECOME A ""NATIONAL DISGRACE""",msnbc
15:16:00,,msnbc
15:17:00,"KAVANAUGH: FAMILY RECEIVING PHYSICAL THREATS, VIOLENT EMAILS.",msnbc
15:18:00,"KAVANAUGH: MY NAME HAS BEEN ""TOTALLY AND PERMANENTLY DESTROYED."" THIS IS A ""CIRCUS,"" THAT WILL IMPACT DECADES.",msnbc
15:19:00,"KAVANAUGH: THIS IS A ""CIRCUS,"" THAT WILL IMPACT DECADES",msnbc
15:20:00,,msnbc
15:21:00,,msnbc
15:22:00,KAVANAUGH: ADVICE AND CONSENT HAS BEEN REPLACED WITH SEARCH AND DESTROY,msnbc
15:23:00,"KAVANAUGH: FAMILY RECEIVING PHYSICAL THREATS, VIOLENT EMAILS",msnbc
15:24:00,"KAVANAUGH: ""I AM INNOCENT OF THIS CHARGE"" ""YOU MAY DEFEAT ME IN THE FINAL VOTE. BUT YOU'LL NEVER GET ME TO QUIT..NEVER""",msnbc
15:25:00,,msnbc
15:26:00,"KAVANAUGH: DUE PROCESS MEANS LISTENING TO BOTH SIDES. KAVANAUGH: MY NAME HAS BEEN ""TOTALLY AND PERMANENTLY DESTROYED""",msnbc
15:27:00,,msnbc
15:28:00,"KAVANAUGH: DEMS WERE ""LYING IN WAIT"" AFTER. ""YOU COULDN'T TAKE ME OUT ON THE MERITS"" THIS IS A ""CIRCUS,"" THAT WILL IMPACT DECADES. ""I CATEGORICALLY DENY"" FORD'S ALLEGATION",msnbc
15:29:00,,msnbc
15:30:00,"KAVANAUGH: ADVICE AND CONSENT HAS BEEN REPLACED WITH SEARCH AND DESTROY. ACCUSER AND I ""DID NOT TRAVEL IN SAME SOCIAL CIRCLES.""",msnbc
15:31:00,,msnbc
15:32:00,,msnbc
15:33:00,,msnbc
15:34:00,,msnbc
15:35:00,,msnbc
15:36:00,"KAVANAUGH: I WILL NOT WITHDRAW FROM THIS PROCESS. ""YOU MAY DEFEAT ME IN THE FINAL VOTE. BUT YOU'LL NEVER GET ME TO QUIT..NEVER.""",msnbc
15:37:00,,msnbc
15:38:00,,msnbc
15:39:00,"KAVANAUGH: FORD'S ALLEGATION ""INCONSISTENT"" WITH MY CHARACTER.",msnbc
15:40:00,"KAVANAUGH: ACCUSER AND I ""DID NOT TRAVEL IN SAME SOCIAL CIRCLES""",msnbc
15:41:00,,msnbc
15:42:00,"KAVANAUGH: ""I NEVER COMMITTED SEXUAL ASSAULT""",msnbc
15:43:00,,msnbc
15:44:00,,msnbc
15:45:00,"KAVANAUGH: ""I AM INNOCENT OF THIS CHARGE""",msnbc
15:46:00,,msnbc
15:47:00,,msnbc
15:48:00,,msnbc
15:49:00,,msnbc
15:50:00,,msnbc
15:51:00,,msnbc
15:52:00,,msnbc
15:53:00,,msnbc
15:54:00,,msnbc
15:55:00,,msnbc
15:56:00,,msnbc
15:57:00,,msnbc
15:58:00,,msnbc
15:59:00,,msnbc
16:00:00,KAVANAUGH: I WILL NOT WITHDRAW FROM THIS PROCESS,msnbc
16:01:00,,msnbc
16:02:00,,msnbc
16:03:00,,msnbc
16:04:00,"KAVANAUGH: ""IT'S AN OUTRAGE THAT I WAS NOT ABLE TO IMMEDIATELY DEFEND MY NAME THE NEXT DAY."" DUE PROCESS MEANS LISTENING TO BOTH SIDES.",msnbc
16:05:00,,msnbc
16:06:00,,msnbc
16:07:00,,msnbc
16:08:00,,msnbc
16:09:00,,msnbc
16:10:00,,msnbc
16:11:00,,msnbc
16:12:00,,msnbc
16:13:00,,msnbc
16:14:00,"KAVANAUGH: I WILL NOT WITHDRAW FROM THIS PROCESS. MY NAME HAS BEEN ""TOTALLY AND PERMANENTLY DESTROYED""",msnbc
16:15:00,"KAVANAUGH: ""I AM INNOCENT OF THIS CHARGE"". I WILL NOT WITHDRAW FROM THIS PROCESS",msnbc
16:16:00,,msnbc
16:17:00,,msnbc
16:18:00,"KAVANAUGH: ""I NEVER COMMITTED SEXUAL ASSAULT"". FORD'S ALLEGATION ""INCONSISTENT"" WITH MY CHARACTER.",msnbc
16:19:00,,msnbc
16:20:00,,msnbc
16:21:00,,msnbc
16:22:00,,msnbc
16:23:00,,msnbc
16:24:00,,msnbc
16:25:00,"KAVANAUGH: DUE PROCESS MEANS LISTENING TO BOTH SIDES. THIS IS A ""CIRCUS,"" THAT WILL IMPACT DECADES",msnbc
16:26:00,"KAVANAUGH: ""I NEVER COMMITTED SEXUAL ASSAULT"". ""I CATEGORICALLY DENY"" FORD'S ALLEGATION. MY NAME HAS BEEN ""TOTALLY AND PERMANENTLY DESTROYED""",msnbc
16:27:00,"KAVANAUGH: I WILL NOT WITHDRAW FROM THIS PROCESS. ""I NEVER COMMITTED SEXUAL ASSAULT.""",msnbc
16:28:00,"KAVANAUGH: ""I AM INNOCENT OF THIS CHARGE"". CONFIRMATION PROCESS HAS BECOME A ""NATIONAL DISGRACE""",msnbc
16:29:00,,msnbc
16:30:00,,msnbc
16:31:00,,msnbc
16:32:00,,msnbc
16:33:00,,msnbc
16:34:00,,msnbc
16:35:00,KAVANAUGH: SUPREME COURT NOMINATION. SHOULD NOT BE JUDGED ON A YEARBOOK PAGE. TRUMP'S SUPREME COURT NOMINEE TESTIFIES ABOUT ALLEGATIONS.,msnbc
16:36:00,,msnbc
16:37:00,,msnbc
16:38:00,,msnbc
16:39:00,"KAVANAUGH: ""I NEVER COMMITTED SEXUAL ASSAULT"". TRUMP'S SUPREME COURT NOMINEE TESTIFIES ABOUT ALLEGATIONS",msnbc
16:40:00,,msnbc
16:41:00,,msnbc
16:42:00,,msnbc
16:43:00,SENATE DEMOCRAT DEMANDS KAVANAUGH CALLS FOR AN INVESTIGATION,msnbc
16:44:00,,msnbc
16:45:00,,msnbc
16:46:00,,msnbc
16:47:00,,msnbc
16:48:00,,msnbc
16:49:00,"TRUMP'S SUPREME COURT NOMINEE TESTIFIES ABOUT ALLEGATIONS. SEN. GRAHAM DEFENDS KAVANAUGH, CALLS THIS IS A ""SHAM""",msnbc
16:50:00,,msnbc
16:51:00,,msnbc
16:52:00,,msnbc
16:53:00,,msnbc
16:54:00,,msnbc
16:55:00,,msnbc
16:56:00,,msnbc
16:57:00,,msnbc
16:58:00,,msnbc
16:59:00,,msnbc
17:00:00,,msnbc
17:01:00,,msnbc
17:02:00,,msnbc
17:03:00,,msnbc
17:04:00,SENATE DEMOCRAT ASKS KAVANAUGH WHY HE ISN'T CALLING FOR AN INVESTIGATION,msnbc
17:05:00,,msnbc
17:06:00,,msnbc
17:07:00,,msnbc
17:08:00,,msnbc
17:09:00,,msnbc
17:10:00,,msnbc
17:11:00,,msnbc
17:12:00,,msnbc
17:13:00,,msnbc
17:14:00,,msnbc
17:15:00,,msnbc
17:16:00,,msnbc
17:17:00,,msnbc
17:18:00,,msnbc
17:19:00,,msnbc
17:20:00,,msnbc
17:21:00,,msnbc
17:22:00,"SEN. GRAHAM DEFENDS KAVANAUGH, CALLS THIS IS A ""SHAM."" KAVANAUGH: CONFIRMATION PROCESS HAS BECOME A ""NATIONAL DISGRACE""",msnbc
17:23:00,,msnbc
17:24:00,,msnbc
17:25:00,SOON: KAVANAUGH RESUMES TESTIMONY AT SENATE HEARING. KAVANAUGH: I WILL NOT WITHDRAW FROM THIS PROCESS,msnbc
17:26:00,,msnbc
17:27:00,,msnbc
17:28:00,,msnbc
17:29:00,,msnbc
17:30:00,SENATORS QUESTION KAVANAUGH ABOUT FORD'S ALLEGATIONS,msnbc
17:31:00,,msnbc
17:32:00,,msnbc
17:33:00,,msnbc
17:34:00,,msnbc
17:35:00,,msnbc
17:36:00,,msnbc
17:37:00,,msnbc
17:38:00,,msnbc
17:39:00,,msnbc
17:40:00,,msnbc
17:41:00,,msnbc
17:42:00,,msnbc
17:43:00,,msnbc
17:44:00,,msnbc
17:45:00,,msnbc
17:46:00,,msnbc
17:47:00,,msnbc
17:48:00,,msnbc
17:49:00,,msnbc
17:50:00,,msnbc
17:51:00,,msnbc
17:52:00,,msnbc
17:53:00,,msnbc
17:54:00,,msnbc
17:55:00,,msnbc
17:56:00,,msnbc
17:57:00,,msnbc
17:58:00,,msnbc
17:59:00,,msnbc
18:00:00,,msnbc
18:01:00,,msnbc
18:02:00,,msnbc
18:03:00,,msnbc
18:04:00,,msnbc
18:05:00,,msnbc
18:06:00,,msnbc
18:07:00,,msnbc
18:08:00,,msnbc
18:09:00,,msnbc
18:10:00,TRUMP'S SUPREME COURT NOMINEE RESUMES SENATE TESTIMONY,msnbc
18:11:00,,msnbc
18:12:00,TRUMP'S SUPREME COURT NOMINEE TESTIFIES ABOUT ALLEGATIONS,msnbc
18:13:00,,msnbc
18:14:00,,msnbc
18:15:00,,msnbc
18:16:00,,msnbc
18:17:00,,msnbc
18:18:00,,msnbc
18:19:00,,msnbc
18:20:00,,msnbc
18:21:00,,msnbc
18:22:00,,msnbc
18:23:00,,msnbc
18:24:00,,msnbc
18:25:00,,msnbc
18:26:00,,msnbc
18:27:00,,msnbc
18:28:00,,msnbc
18:29:00,,msnbc
18:30:00,,msnbc
18:31:00,,msnbc
18:32:00,,msnbc
18:33:00,,msnbc
18:34:00,,msnbc
18:35:00,,msnbc
18:36:00,,msnbc
18:37:00,,msnbc
18:38:00,,msnbc
18:39:00,,msnbc
18:40:00,,msnbc
18:41:00,,msnbc
18:42:00,,msnbc
18:43:00,,msnbc
18:44:00,,msnbc
18:45:00,,msnbc
18:46:00,,msnbc
18:47:00,,msnbc
18:48:00,,msnbc
18:49:00,,msnbc
18:50:00,,msnbc
18:51:00,,msnbc
18:52:00,,msnbc
18:53:00,,msnbc
18:54:00,,msnbc
18:55:00,,msnbc
18:56:00,,msnbc
18:57:00,,msnbc
18:58:00,,msnbc
18:59:00,,msnbc
19:00:00,,msnbc
19:01:00,,msnbc
19:02:00,,msnbc
19:03:00,,msnbc
19:04:00,,msnbc
19:05:00,,msnbc
19:06:00,,msnbc
19:07:00,,msnbc
19:08:00,,msnbc
19:09:00,,msnbc
19:10:00,,msnbc
19:11:00,,msnbc
19:12:00,,msnbc
19:13:00,,msnbc
9:50:00,,cnn
9:51:00,,cnn
9:52:00,,cnn
9:53:00,,cnn
9:54:00,,cnn
9:55:00,,cnn
9:56:00,,cnn
9:57:00,,cnn
9:58:00,,cnn
9:59:00,,cnn
10:00:00,,cnn
10:01:00,,cnn
10:02:00,,cnn
10:03:00,CHRISTINE BLASEY FORD ARRIVES TO GIVE TESTIMONY AT HEARING,cnn
10:04:00,,cnn
10:05:00,,cnn
10:06:00,,cnn
10:07:00,,cnn
10:08:00,,cnn
10:09:00,,cnn
10:10:00,,cnn
10:11:00,,cnn
10:12:00,,cnn
10:13:00,,cnn
10:14:00,,cnn
10:15:00,,cnn
10:16:00,,cnn
10:17:00,,cnn
10:18:00,,cnn
10:19:00,CHRISTINE BLASEY FORD ABOUT TO TESTIFY ON KAVANAUGH ALLEGATIONS,cnn
10:20:00,,cnn
10:21:00,,cnn
10:22:00,,cnn
10:23:00,,cnn
10:24:00,,cnn
10:25:00,,cnn
10:26:00,,cnn
10:27:00,,cnn
10:28:00,,cnn
10:29:00,,cnn
10:30:00,,cnn
10:31:00,,cnn
10:32:00,,cnn
10:33:00,,cnn
10:34:00,CHRISTINE BLASEY FORD TESTIFIES ON KAVANAUGH ALLEGATIONS,cnn
10:35:00,,cnn
10:36:00,,cnn
10:37:00,"FORD DESCRIBES ALLEGED SEXUAL ASSAULT BY KAVANAUGH. ""I WILL NEVER FORGET"" DETAILS ABOUT NIGHT.",cnn
10:38:00,,cnn
10:39:00,,cnn
10:40:00,FORD DESCRIBES ALLEGED SEXUAL ASSAULT BY KAVANAUGH,cnn
10:41:00,,cnn
10:42:00,,cnn
10:43:00,CHRISTINE BLASEY FORD TESTIFIES ON KAVANAUGH ALLEGATIONS,cnn
10:44:00,,cnn
10:45:00,,cnn
10:46:00,,cnn
10:47:00,,cnn
10:48:00,,cnn
10:49:00,,cnn
10:50:00,,cnn
10:51:00,,cnn
10:52:00,,cnn
10:53:00,,cnn
10:54:00,,cnn
10:55:00,,cnn
10:56:00,,cnn
10:57:00,,cnn
10:58:00,,cnn
10:59:00,,cnn
11:00:00,,cnn
11:01:00,,cnn
11:02:00,,cnn
11:03:00,,cnn
11:04:00,,cnn
11:05:00,,cnn
11:06:00,,cnn
11:07:00,,cnn
11:08:00,,cnn
11:09:00,,cnn
11:10:00,,cnn
11:11:00,,cnn
11:12:00,,cnn
11:13:00,CHRISTINE BLASEY FORD TESTIFIES ON KAVANAUGH ALLEGATIONS,cnn
11:14:00,,cnn
11:15:00,,cnn
11:16:00,,cnn
11:17:00,,cnn
11:18:00,,cnn
11:19:00,,cnn
11:20:00,,cnn
11:21:00,,cnn
11:22:00,,cnn
11:23:00,,cnn
11:24:00,,cnn
11:25:00,,cnn
11:26:00,FORD: 100% CERTAIN IT WAS KAVANAUGH WHO ASSAULTED ME,cnn
11:27:00,,cnn
11:28:00,,cnn
11:29:00,,cnn
11:30:00,,cnn
11:31:00,"FORD: ""ABSOLUTELY NOT"" A CASE OF MISTAKEN IDENTITY",cnn
11:32:00,"FORD: ""I AM TERRIFIED, BUT TESTIFYING IS ""MY CIVIC DUTY.",cnn
11:33:00,"FORD: ""1OO%"" CERTAIN IT WAS KAVANAUGH WHO ASSAULTED ME.",cnn
11:34:00,"FORD: ""I AM TERRIFIED, BUT TESTIFYING IS ""MY CIVIC DUTY"".",cnn
11:35:00,"FORD: ""100%"" CERTAIN IT WAS KAVANAUGH WHO ASSAULTED ME.",cnn
11:36:00,"FORD: ""ABSOLUTELY NOT"" A CASE OF MISTAKEN IDENTITY.",cnn
11:37:00,,cnn
11:38:00,,cnn
11:39:00,,cnn
11:40:00,"FORD: ""100%"" CERTAIN IT WAS KAVANAUGH WHO ASSAULTED ME.",cnn
11:41:00,,cnn
11:42:00,,cnn
11:43:00,,cnn
11:44:00,,cnn
11:45:00,,cnn
11:46:00,,cnn
11:47:00,,cnn
11:48:00,,cnn
11:49:00,,cnn
11:50:00,,cnn
11:51:00,,cnn
11:52:00,,cnn
11:53:00,,cnn
11:54:00,,cnn
11:55:00,,cnn
11:56:00,,cnn
11:57:00,,cnn
11:58:00,,cnn
11:59:00,,cnn
12:00:00,,cnn
12:01:00,,cnn
12:02:00,,cnn
12:03:00,,cnn
12:04:00,CHRISTINE BLASEY FORD TESTIFIES ON KAVANAUGH ALLEGATIONS,cnn
12:05:00,,cnn
12:06:00,,cnn
12:07:00,,cnn
12:08:00,,cnn
12:09:00,,cnn
12:10:00,,cnn
12:11:00,,cnn
12:12:00,,cnn
12:13:00,,cnn
12:14:00,,cnn
12:15:00,,cnn
12:16:00,,cnn
12:17:00,,cnn
12:18:00,,cnn
12:19:00,,cnn
12:20:00,,cnn
12:21:00,,cnn
12:22:00,,cnn
12:23:00,,cnn
12:24:00,,cnn
12:25:00,,cnn
12:26:00,,cnn
12:27:00,,cnn
12:28:00,,cnn
12:29:00,,cnn
12:30:00,,cnn
12:31:00,,cnn
12:32:00,,cnn
12:33:00,,cnn
12:34:00,,cnn
12:35:00,,cnn
12:36:00,,cnn
12:37:00,,cnn
12:38:00,,cnn
12:39:00,,cnn
12:40:00,,cnn
12:41:00,,cnn
12:42:00,,cnn
12:43:00,,cnn
12:44:00,"FORD: ""ABSOLUTELY NOT"" A CASE OF MISTAKEN IDENTITY",cnn
12:45:00,"FORD: ""I AM TERRIFIED,"" BUT TESTIFYING IS MY ""CIVIC DUTY""",cnn
12:46:00,"FORD: ""100%"" CERTAIN IT WAS KAVANAUGH WHO ASSAULTED ME",cnn
12:47:00,,cnn
12:48:00,,cnn
12:49:00,"FORD: ""I AM TERRIFIED,"" BUT TESTIFYING IS ""MY CIVIC DUTY""",cnn
12:50:00,,cnn
12:51:00,"FORD: ""ABSOLUTELY NOT"" A CASE OF MISTAKEN IDENTITY",cnn
12:52:00,,cnn
12:53:00,"FORD: ""100%"" CERTAIN IT WAS KAVANAUGH WHO ASSAULTED ME",cnn
12:54:00,,cnn
12:55:00,"FORD: ""I AM TERRIFIED,"" BUT TESTIFYING IS ""MY CIVIC DUTY""",cnn
12:56:00,SOON: CHRISTINE BLASEY FORD CONTINUES TESTIMONY,cnn
12:57:00,ANTI-KAVANAUGH PROTESTERS GATHER OUTSIDE HEARING,cnn
12:58:00,,cnn
12:59:00,,cnn
13:00:00,FORD: STRONGEST MEMORY IS OF LAUGHTER DURING ALLEGED ASSAULT,cnn
13:01:00,,cnn
13:02:00,"FORD: ""100%"" CERTAIN IT WAS KAVANAUGH WHO ASSAULTED ME. GOP SEN. HATCH: FORD ""AN ATTRACTIVE, GOOD WITNESS""",cnn
13:03:00,,cnn
13:04:00,,cnn
13:05:00,,cnn
13:06:00,"FORD: ""I AM TERRIFIED"" BUT TESTIFYING IS ""MY CIVIC DUTY""",cnn
13:07:00,,cnn
13:08:00,,cnn
13:09:00,SOON: CHRISTINE BLASEY FORD CONTINUES TESTIMONY,cnn
13:10:00,,cnn
13:11:00,,cnn
13:12:00,WH: TRUMP IS WATCHING FORD'S TESTIMONY,cnn
13:13:00,,cnn
13:14:00,"FORD: ""100%"" CERTAIN IT WAS KAVANAUGH WHO ASSAULTED ME",cnn
13:15:00,,cnn
13:16:00,,cnn
13:17:00,,cnn
13:18:00,"FORD: ""I AM TERRIFIED"" BUT TESTIFYING IS ""MY CIVIC DUTY""",cnn
13:19:00,,cnn
13:20:00,SOON: CHRISTINE BLASEY FORD CONTINUES TESTIMONY,cnn
13:21:00,,cnn
13:22:00,,cnn
13:23:00,,cnn
13:24:00,GOP SEN. GRAHAM: WHY NOT BELIEVE KAVANAUGH?,cnn
13:25:00,"FORD: ""100%"" CERTAIN IT WAS KAVANAUGH WHO ASSAULTED ME",cnn
13:26:00,,cnn
13:27:00,,cnn
13:28:00,,cnn
13:29:00,,cnn
13:30:00,,cnn
13:31:00,SOON: CHRISTINE BLASEY FORD CONTINUES TESTIMONY,cnn
13:32:00,,cnn
13:33:00,,cnn
13:34:00,"GOP'S FLAKE: ""WANT TO HEAR THE WHOLE HEARING"" BEFORE COMMENTING",cnn
13:35:00,,cnn
13:36:00,,cnn
13:37:00,CHRISTINE BLASEY FORD TESTIFIES ON KAVANAUGH ALLEGATIONS,cnn
13:38:00,,cnn
13:39:00,FORD: NO POLITICAL MOTIVATION FOR COMING FORWARD,cnn
13:40:00,,cnn
13:41:00,,cnn
13:42:00,,cnn
13:43:00,,cnn
13:44:00,,cnn
13:45:00,CHRISTINE BLASEY FORD TESTIFIES ON KAVANAUGH ALLEGATIONS,cnn
13:46:00,,cnn
13:47:00,,cnn
13:48:00,,cnn
13:49:00,,cnn
13:50:00,,cnn
13:51:00,,cnn
13:52:00,,cnn
13:53:00,,cnn
13:54:00,,cnn
13:55:00,,cnn
13:56:00,,cnn
13:57:00,,cnn
13:58:00,,cnn
13:59:00,,cnn
14:00:00,,cnn
14:01:00,,cnn
14:02:00,,cnn
14:03:00,,cnn
14:04:00,,cnn
14:05:00,,cnn
14:06:00,,cnn
14:07:00,,cnn
14:08:00,,cnn
14:09:00,,cnn
14:10:00,,cnn
14:11:00,,cnn
14:12:00,,cnn
14:13:00,,cnn
14:14:00,,cnn
14:15:00,"FORD: ""100%"" CERTAIN IT WAS KAVANAUGH WHO ASSAULTED ME. CHRISTINE BLASEY FORD TESTIFIES ON KAVANAUGH ALLEGATIONS.",cnn
14:16:00,SOON: KAVANAUGH TO TESTIFY BEFORE SENATE COMMITTEE.,cnn
14:17:00,,cnn
14:18:00,,cnn
14:19:00,,cnn
14:20:00,SOON: KAVANAUGH TO TESTIFY AFTER FORD IS QUESTIONED,cnn
14:21:00,,cnn
14:22:00,,cnn
14:23:00,,cnn
14:24:00,,cnn
14:25:00,SOON: KAVANAUGH TO BE QUESTIONED ABOUT ACCUSATIONS,cnn
14:26:00,,cnn
14:27:00,,cnn
14:28:00,,cnn
14:29:00,,cnn
14:30:00,,cnn
14:31:00,,cnn
14:32:00,,cnn
14:33:00,,cnn
14:34:00,,cnn
14:35:00,,cnn
14:36:00,,cnn
14:37:00,,cnn
14:38:00,,cnn
14:39:00,,cnn
14:40:00,,cnn
14:41:00,,cnn
14:42:00,,cnn
14:43:00,,cnn
14:44:00,,cnn
14:45:00,,cnn
14:46:00,SOON: BRETT KAVANAUGH TESTIFIES ABOUT ACCUSATIONS,cnn
14:47:00,,cnn
14:48:00,,cnn
14:49:00,,cnn
14:50:00,,cnn
14:51:00,SOON: KAVANAUGH TO BE QUESTIONED ABOUT ACCUSATIONS,cnn
14:52:00,,cnn
14:53:00,,cnn
14:54:00,,cnn
14:55:00,,cnn
14:56:00,,cnn
14:57:00,,cnn
14:58:00,,cnn
14:59:00,,cnn
15:00:00,,cnn
15:01:00,,cnn
15:02:00,,cnn
15:03:00,,cnn
15:04:00,,cnn
15:05:00,,cnn
15:06:00,,cnn
15:07:00,KAVANAUGH ARRIVES TO TESTIFY ON ACCUSATIONS AGAINST HIM,cnn
15:08:00,,cnn
15:09:00,,cnn
15:10:00,SUPREME COURT NOMINEE TESTIFIES ON ASSAULT ACCUSATIONS,cnn
15:11:00,,cnn
15:12:00,,cnn
15:13:00,,cnn
15:14:00,,cnn
15:15:00,,cnn
15:16:00,,cnn
15:17:00,,cnn
15:18:00,,cnn
15:19:00,"KAVANAUGH: ""THIS IS A CIRCUS""",cnn
15:20:00,KAVANAUGH: I WILL NOT BE INTIMIDATED INTO WITHDRAWING,cnn
15:21:00,,cnn
15:22:00,"KAVANAUGH: CONFIRMATION PROCESS HAS BECOME ""NATIONAL DISGRACE""",cnn
15:23:00,,cnn
15:24:00,"KAVANAUGH: ""I AM INNOCENT OF THIS CHARGE""",cnn
15:25:00,,cnn
15:26:00,"KAVANAUGH: ""I'VE NEVER SEXUALLY ASSAULTED ANYONE""",cnn
15:27:00,,cnn
15:28:00,,cnn
15:29:00,,cnn
15:30:00,,cnn
15:31:00,,cnn
15:32:00,,cnn
15:33:00,,cnn
15:34:00,"KAVANAUGH: CONFIRMATION PROCESS HAS BECOME ""NATIONAL DISGRACE""",cnn
15:35:00,,cnn
15:36:00,,cnn
15:37:00,"KAVANAUGH: ""I'VE NEVER SEXUALLY ASSAULTED ANYONE""",cnn
15:38:00,,cnn
15:39:00,,cnn
15:40:00,,cnn
15:41:00,,cnn
15:42:00,,cnn
15:43:00,,cnn
15:44:00,SUPREME COURT NOMINEE TESTIFIES ON ASSAULT ACCUSATIONS,cnn
15:45:00,,cnn
15:46:00,,cnn
15:47:00,,cnn
15:48:00,,cnn
15:49:00,,cnn
15:50:00,,cnn
15:51:00,,cnn
15:52:00,,cnn
15:53:00,,cnn
15:54:00,"KAVANAUGH: ""I AM INNOCENT OF THIS CHARGE""",cnn
15:55:00,SUPREME COURT NOMINEE TESTIFIES ON ASSAULT ACCUSATIONS,cnn
15:56:00,,cnn
15:57:00,,cnn
15:58:00,,cnn
15:59:00,,cnn
16:00:00,,cnn
16:01:00,,cnn
16:02:00,,cnn
16:03:00,,cnn
16:04:00,,cnn
16:05:00,,cnn
16:06:00,,cnn
16:07:00,,cnn
16:08:00,,cnn
16:09:00,,cnn
16:10:00,,cnn
16:11:00,"KAVANAUGH: ""I'VE NEVER SEXUALLY ASSAULTED ANYONE""",cnn
16:12:00,,cnn
16:13:00,,cnn
16:14:00,,cnn
16:15:00,,cnn
16:16:00,SOON: BRETT KAVANAUGH RESUMES TESTIFYING,cnn
16:17:00,,cnn
16:18:00,,cnn
16:19:00,,cnn
16:20:00,,cnn
16:21:00,SOON: KAVANAUGH RESUMES TESTIMONY ON ALLEGATIONS,cnn
16:22:00,,cnn
16:23:00,SOON: BRETT KAVANAUGH RESUMES TESTIFYING,cnn
16:24:00,,cnn
16:25:00,,cnn
16:26:00,,cnn
16:27:00,,cnn
16:28:00,SUPREME COURT NOMINEE TESTIFIES ON ASSAULT ACCUSATIONS,cnn
16:29:00,,cnn
16:30:00,,cnn
16:31:00,,cnn
16:32:00,,cnn
16:33:00,,cnn
16:34:00,,cnn
16:35:00,,cnn
16:36:00,,cnn
16:37:00,,cnn
16:38:00,,cnn
16:39:00,,cnn
16:40:00,,cnn
16:41:00,,cnn
16:42:00,,cnn
16:43:00,,cnn
16:44:00,,cnn
16:45:00,,cnn
16:46:00,,cnn
16:47:00,,cnn
16:48:00,,cnn
16:49:00,,cnn
16:50:00,,cnn
16:51:00,,cnn
16:52:00,,cnn
16:53:00,,cnn
16:54:00,,cnn
16:55:00,,cnn
16:56:00,,cnn
16:57:00,,cnn
16:58:00,,cnn
16:59:00,,cnn
17:00:00,,cnn
17:01:00,,cnn
17:02:00,,cnn
17:03:00,,cnn
17:04:00,,cnn
17:05:00,,cnn
17:06:00,,cnn
17:07:00,,cnn
17:08:00,,cnn
17:09:00,,cnn
17:10:00,,cnn
17:11:00,,cnn
17:12:00,"KAVANAUGH: ""I'VE NEVER SEXUALLY ASSAULTED ANYONE"" FORD: ""100%"" CERTAIN IT WAS KAVANAUGH WHO ASSAULTED ME",cnn
17:13:00,,cnn
17:14:00,,cnn
17:15:00,,cnn
17:16:00,SOON: BRETT KAVANAUGH RESUMES TESTIFYING,cnn
17:17:00,,cnn
17:18:00,,cnn
17:19:00,,cnn
17:20:00,,cnn
17:21:00,,cnn
17:22:00,,cnn
17:23:00,,cnn
17:24:00,,cnn
17:25:00,,cnn
17:26:00,,cnn
17:27:00,,cnn
17:28:00,SUPREME COURT NOMINEE TESTIFIES ON ASSAULT ACCUSATIONS,cnn
17:29:00,,cnn
17:30:00,,cnn
17:31:00,,cnn
17:32:00,,cnn
17:33:00,,cnn
17:34:00,,cnn
17:35:00,,cnn
17:36:00,,cnn
17:37:00,,cnn
17:38:00,,cnn
17:39:00,,cnn
17:40:00,,cnn
17:41:00,,cnn
17:42:00,,cnn
17:43:00,,cnn
17:44:00,,cnn
17:45:00,,cnn
17:46:00,,cnn
17:47:00,,cnn
17:48:00,,cnn
17:49:00,,cnn
17:50:00,,cnn
17:51:00,,cnn
17:52:00,,cnn
17:53:00,,cnn
17:54:00,,cnn
17:55:00,,cnn
17:56:00,,cnn
17:57:00,,cnn
17:58:00,,cnn
17:59:00,,cnn
18:00:00,"KAVANAUGH: ""I'VE NEVER SEXUALLY ASSAULTED ANYONE""; FORD: ""100%"" CERTAIN IT WAS KAVANAUGH WHO ASSAULTED ME",cnn
18:01:00,,cnn
18:02:00,,cnn
18:03:00,,cnn
18:04:00,,cnn
18:05:00,SOON: BRETT KAVANAUGH RESUMES TESTIFYING,cnn
18:06:00,,cnn
18:07:00,,cnn
18:08:00,SUPREME COURT NOMINEE TESTIFIES ON ASSAULT ACCUSATIONS,cnn
18:09:00,,cnn
18:10:00,,cnn
18:11:00,,cnn
18:12:00,,cnn
18:13:00,,cnn
18:14:00,,cnn
18:15:00,,cnn
18:16:00,,cnn
18:17:00,,cnn
18:18:00,,cnn
18:19:00,,cnn
18:20:00,,cnn
18:21:00,,cnn
18:22:00,,cnn
18:23:00,,cnn
18:24:00,,cnn
18:25:00,,cnn
18:26:00,,cnn
18:27:00,,cnn
18:28:00,,cnn
18:29:00,,cnn
18:30:00,,cnn
18:31:00,,cnn
18:32:00,,cnn
18:33:00,,cnn
18:34:00,,cnn
18:35:00,,cnn
18:36:00,,cnn
18:37:00,,cnn
18:38:00,,cnn
18:39:00,,cnn
18:40:00,,cnn
18:41:00,,cnn
18:42:00,,cnn
18:43:00,,cnn
18:44:00,,cnn
18:45:00,"KAVANAUGH: ""I'VE NEVER SEXUALLY ASSAULTED ANYONE"" FORD: ""100%"" CERTAIN IT WAS KAVANAUGH WHO ASSAULTED ME",cnn
18:46:00,,cnn
18:47:00,,cnn
18:48:00,,cnn
18:49:00,,cnn
18:50:00,,cnn
18:51:00,,cnn
18:52:00,,cnn
18:53:00,,cnn
18:54:00,,cnn
18:55:00,,cnn
18:56:00,,cnn
18:57:00,,cnn
18:58:00,,cnn
18:59:00,,cnn
19:00:00,,cnn
19:01:00,,cnn
19:02:00,,cnn
19:03:00,,cnn
19:04:00,,cnn
19:05:00,,cnn
19:06:00,,cnn
19:07:00,,cnn
19:08:00,,cnn
19:09:00,,cnn
19:10:00,,cnn
19:11:00,,cnn
19:12:00,,cnn
19:13:00,,cnn
9:50:00,,fox
9:51:00,,fox
9:52:00,,fox
9:53:00,,fox
9:54:00,,fox
9:55:00,,fox
9:56:00,,fox
9:57:00,,fox
9:58:00,,fox
9:59:00,KAVANAUGH TESTIFY ON CAPITOL HILL,fox
10:00:00,,fox
10:01:00,,fox
10:02:00,,fox
10:03:00,,fox
10:04:00,,fox
10:05:00,,fox
10:06:00,SEN. GRASSLEY (R-IA) DELIVERS OPENING STATEMENTS,fox
10:07:00,,fox
10:08:00,,fox
10:09:00,,fox
10:10:00,,fox
10:11:00,,fox
10:12:00,,fox
10:13:00,,fox
10:14:00,,fox
10:15:00,,fox
10:16:00,SEN. GRASSLEY (R-IA) THE FBI DOESN'T PERFORM CREDIBILITY ASSESMENTS,fox
10:17:00,,fox
10:18:00,,fox
10:19:00,,fox
10:20:00,SEN. FEINSTEIN (D-CA) DELIVERS OPENING STATEMENT,fox
10:21:00,,fox
10:22:00,,fox
10:23:00,,fox
10:24:00,,fox
10:25:00,,fox
10:26:00,SOON: KAVANAUGH ACCUSER CHRISTINE BLASEY FORD TO TESTIFY,fox
10:27:00,,fox
10:28:00,,fox
10:29:00,SEN FEINSTEIN (D-CA): ALLEGATIONS AGAINST KAVANAUGH ARE A REAL QUESTION OF CHARACTER,fox
10:30:00,,fox
10:31:00,,fox
10:32:00,,fox
10:33:00,,fox
10:34:00,KAVANAUGH ACCUSER CHRISTINE BLASEY FORD DELIVERS OPENING STATEMENT,fox
10:35:00,,fox
10:36:00,,fox
10:37:00,,fox
10:38:00,,fox
10:39:00,,fox
10:40:00,,fox
10:41:00,,fox
10:42:00,,fox
10:43:00,FORD: I TOLD MY HUSBAND ABOUT THE ASSAULT BEFORE WE WERE MARRIED,fox
10:44:00,,fox
10:45:00,,fox
10:46:00,FORD: DETAILS OF THAT NIGHT HAVE BEEN SEARED. DON'T RECALL EVERYONE I TOLD OF ASSAULT.,fox
10:47:00,,fox
10:48:00,,fox
10:49:00,,fox
10:50:00,,fox
10:51:00,,fox
10:52:00,HEARING UNDERWAY ON KAVANAUGH ACCUSATIONS. FORD: I AM NO ONE'S POLITICAL PAWN,fox
10:53:00,,fox
10:54:00,,fox
10:55:00,,fox
10:56:00,,fox
10:57:00,,fox
10:58:00,,fox
10:59:00,KAVANAUGH ACCUSER CHRISTINE BLASEY FORD ANSWERS QUESTIONS ABOUT ALLEGED SEXUAL ASSAULT,fox
11:00:00,,fox
11:01:00,,fox
11:02:00,,fox
11:03:00,,fox
11:04:00,,fox
11:05:00,,fox
11:06:00,,fox
11:07:00,,fox
11:08:00,,fox
11:09:00,,fox
11:10:00,KAVANAUGH ACCUSER CHRISTINE BLASEY FORD ANSWERS QUESTIONS ABOUT ALLEGED SEXUAL ASSAULT,fox
11:11:00,,fox
11:12:00,,fox
11:13:00,,fox
11:14:00,,fox
11:15:00,,fox
11:16:00,,fox
11:17:00,,fox
11:18:00,FORD: CANNOT FORGET THE LAUGHTER BETWEEN JUDGE AND KAVANAUGH FROM THAT NIGHT,fox
11:19:00,,fox
11:20:00,,fox
11:21:00,,fox
11:22:00,,fox
11:23:00,,fox
11:24:00,,fox
11:25:00,,fox
11:26:00,,fox
11:27:00,,fox
11:28:00,HEARING ON KAVANAUGH AllEGATIONS IN RECESS,fox
11:29:00,,fox
11:30:00,,fox
11:31:00,,fox
11:32:00,,fox
11:33:00,,fox
11:34:00,,fox
11:35:00,HEARING ON KAVANAUGH ALLEGATIONS IN RECESS,fox
11:36:00,,fox
11:37:00,,fox
11:38:00,,fox
11:39:00,,fox
11:40:00,,fox
11:41:00,,fox
11:42:00,,fox
11:43:00,,fox
11:44:00,,fox
11:45:00,,fox
11:46:00,,fox
11:47:00,,fox
11:48:00,,fox
11:49:00,,fox
11:50:00,,fox
11:51:00,KAVANAUGH ACCUSER CHRISTINE BLASEY FORD TESTIFIES BEFORE SENATE JUDICIARY COMMITTEE,fox
11:52:00,,fox
11:53:00,,fox
11:54:00,,fox
11:55:00,,fox
11:56:00,,fox
11:57:00,,fox
11:58:00,,fox
11:59:00,,fox
12:00:00,,fox
12:01:00,,fox
12:02:00,,fox
12:03:00,,fox
12:04:00,,fox
12:05:00,,fox
12:06:00,,fox
12:07:00,,fox
12:08:00,,fox
12:09:00,,fox
12:10:00,,fox
12:11:00,,fox
12:12:00,,fox
12:13:00,,fox
12:14:00,,fox
12:15:00,,fox
12:16:00,,fox
12:17:00,,fox
12:18:00,,fox
12:19:00,,fox
12:20:00,,fox
12:21:00,,fox
12:22:00,,fox
12:23:00,,fox
12:24:00,,fox
12:25:00,,fox
12:26:00,,fox
12:27:00,,fox
12:28:00,,fox
12:29:00,,fox
12:30:00,,fox
12:31:00,,fox
12:32:00,,fox
12:33:00,,fox
12:34:00,,fox
12:35:00,,fox
12:36:00,,fox
12:37:00,,fox
12:38:00,,fox
12:39:00,,fox
12:40:00,,fox
12:41:00,,fox
12:42:00,,fox
12:43:00,,fox
12:44:00,,fox
12:45:00,,fox
12:46:00,FORD: 100% CERTAIN KAVANAUGH ASSAULTED ME,fox
12:47:00,,fox
12:48:00,,fox
12:49:00,,fox
12:50:00,,fox
12:51:00,,fox
12:52:00,,fox
12:53:00,,fox
12:54:00,,fox
12:55:00,,fox
12:56:00,,fox
12:57:00,,fox
12:58:00,,fox
12:59:00,,fox
13:00:00,,fox
13:01:00,HEARING ON KAVANAUGH ALLEGATIONS IN RECESS,fox
13:02:00,,fox
13:03:00,,fox
13:04:00,,fox
13:05:00,,fox
13:06:00,,fox
13:07:00,,fox
13:08:00,,fox
13:09:00,SOON: KAVANAUGH ACCUSER RESUMES TESTIMONY,fox
13:10:00,,fox
13:11:00,,fox
13:12:00,,fox
13:13:00,,fox
13:14:00,,fox
13:15:00,,fox
13:16:00,,fox
13:17:00,,fox
13:18:00,,fox
13:19:00,,fox
13:20:00,,fox
13:21:00,,fox
13:22:00,,fox
13:23:00,,fox
13:24:00,,fox
13:25:00,,fox
13:26:00,,fox
13:27:00,,fox
13:28:00,,fox
13:29:00,,fox
13:30:00,,fox
13:31:00,,fox
13:32:00,,fox
13:33:00,,fox
13:34:00,,fox
13:35:00,HEARING ON KAVANAUGH ALLEGATIONS IN RECESS,fox
13:36:00,,fox
13:37:00,,fox
13:38:00,KAVANAUGH ACCUSER CHRISTINE BLASEY FORD ANSWERS QUESTIONS ABOUT ALLEGED SEXUAL ASSAULT,fox
13:39:00,,fox
13:40:00,,fox
13:41:00,,fox
13:42:00,,fox
13:43:00,,fox
13:44:00,,fox
13:45:00,,fox
13:46:00,,fox
13:47:00,,fox
13:48:00,,fox
13:49:00,,fox
13:50:00,,fox
13:51:00,,fox
13:52:00,,fox
13:53:00,,fox
13:54:00,,fox
13:55:00,,fox
13:56:00,,fox
13:57:00,,fox
13:58:00,,fox
13:59:00,,fox
14:00:00,,fox
14:01:00,,fox
14:02:00,,fox
14:03:00,,fox
14:04:00,KAVANAUGH ACCUSER CHRISTINE BLASEY FORD IS QUESTIONED BEFORE SENATE JUDICIARY COMMITTEE,fox
14:05:00,,fox
14:06:00,,fox
14:07:00,,fox
14:08:00,,fox
14:09:00,,fox
14:10:00,,fox
14:11:00,,fox
14:12:00,,fox
14:13:00,,fox
14:14:00,,fox
14:15:00,,fox
14:16:00,DR CHRISTINE BLASEY FORD CONCLUDES TESTIMONY,fox
14:17:00,,fox
14:18:00,,fox
14:19:00,SOON: JUDGE KAVANAUGH TO TESTIFY ON ACCUSATIONS AGAINST HIM,fox
14:20:00,,fox
14:21:00,,fox
14:22:00,,fox
14:23:00,,fox
14:24:00,,fox
14:25:00,,fox
14:26:00,,fox
14:27:00,,fox
14:28:00,,fox
14:29:00,,fox
14:30:00,,fox
14:31:00,,fox
14:32:00,,fox
14:33:00,,fox
14:34:00,,fox
14:35:00,,fox
14:36:00,,fox
14:37:00,,fox
14:38:00,,fox
14:39:00,,fox
14:40:00,,fox
14:41:00,,fox
14:42:00,,fox
14:43:00,,fox
14:44:00,,fox
14:45:00,,fox
14:46:00,,fox
14:47:00,,fox
14:48:00,,fox
14:49:00,,fox
14:50:00,,fox
14:51:00,,fox
14:52:00,,fox
14:53:00,,fox
14:54:00,,fox
14:55:00,,fox
14:56:00,,fox
14:57:00,,fox
14:58:00,,fox
14:59:00,,fox
15:00:00,,fox
15:01:00,,fox
15:02:00,,fox
15:03:00,,fox
15:04:00,,fox
15:05:00,,fox
15:06:00,,fox
15:07:00,,fox
15:08:00,JUDGE KAVANAUGH HAS ENTERED HEARING ROOM,fox
15:09:00,,fox
15:10:00,,fox
15:11:00,,fox
15:12:00,JUDGE KAVANAUGH DELIVERS OPENING STATEMENT BEFORE SENATE JUDICIARY COMMITTEE,fox
15:13:00,,fox
15:14:00,,fox
15:15:00,,fox
15:16:00,,fox
15:17:00,JUDGE KAVANAUGH DELIVERS OPENING STATEMENT. KAVANAUGH: I HAVE DENIED THE ALLEGATION.,fox
15:18:00,KAVANAUGH: FALSE ALLEGATIONS HAVE DESTROYED MY FAMILY AND MY NAME,fox
15:19:00,,fox
15:20:00,,fox
15:21:00,,fox
15:22:00,,fox
15:23:00,KAVANAUGH: ALLEGATIONS OF SEXUAL ASSAULT MUST ALWAYS BE TAKEN SERIOUSLY,fox
15:24:00,KAVANAUGH: MY PARENTS TAUGHT ME THE IMPORTANCE OF EQUALITY AND RESPECT FOR ALL PEOPLE,fox
15:25:00,,fox
15:26:00,,fox
15:27:00,KAVANAUGH: FALSE ALLEGATIONS HAVE DESTROYED MY FAMILY AND MY NAME,fox
15:28:00,,fox
15:29:00,,fox
15:30:00,KAVANAUGH: I HAVE BEEN A GOOD JUDGE,fox
15:31:00,,fox
15:32:00,,fox
15:33:00,KAVANAUGH: THE FBI HAS INVESTIGATED MY BACKGROUND SIX SEPARATE TIMES,fox
15:34:00,KAVANAUGH: I HAVE BEEN UNDER PUBLIC SCRUTINY FOR DECADES,fox
15:35:00,KAVANAUGH: FORD AND I DID NOT TRAVEL IN THE SAME SOCIAL CIRCLES,fox
15:36:00,,fox
15:37:00,"KAVANAUGH: I HAVE DENIED THE ALLEGATION IMMEDIATELY, CATEGORICALLY, AND UNEQUIVOCALLY",fox
15:38:00,KAVANAUGH: I WELCOMED ANY KIND OF INVESTIGATION AND HAVE COOPERATED FULLY,fox
15:39:00,KAVANAUGH: THERE HAS BEEN A FRENZY BY THE LEFT TO FIND ANYTHING TO BLOCK MY CONFIRMATION,fox
15:40:00,KAVANAUGH: THE BEHAVIOR OF THE DEMOCRATIC MEMBERS OF THIS COMMITTEE AT THE HEARING WAS AN EMBARRASSMENT,fox
15:41:00,KAVANAUGH: MY PARENTS TAUGHT ME THE IMPORTANCE OF EQUALITY AND RESPECT FOR ALL PEOPLE,fox
15:42:00,,fox
15:43:00,KAVANAUGH: I WAS ENTRUSTED WITH THE NATION'S MOST SENSITIVE SECRETS AS BUSH'S STAFF SECRETARY,fox
15:44:00,"KAVANAUGH: FORD'S ALLEGATION HAS BEEN REFUTED, NOT CORROBORATED",fox
15:45:00,KAVANAUGH: I WAS AWAY FOR ALMOST EVERY WEEKEND NIGHT IN THE SUMMER OF 1982,fox
15:46:00,KAVANAUGH: I DID NOT HAVE ANY SEXUAL RELATIONS IN HIGH SCHOOL OR FOR MANY YEARS AFTER,fox
15:47:00,KAVANAUGH: REFERENCE IN MY YEARBOOK WAS NOT ABOUT SEX,fox
15:48:00,KAVANAUGH: WOMEN SIGNED LETTER DEFENDING ME KNOWING THAT THEY WOULD BE VILIFIED,fox
15:49:00,,fox
15:50:00,,fox
15:51:00,,fox
15:52:00,,fox
15:53:00,,fox
15:54:00,,fox
15:55:00,,fox
15:56:00,,fox
15:57:00,,fox
15:58:00,,fox
15:59:00,,fox
16:00:00,JUDGE KAVANAUGH IS QUESTIONED BEFORE SENATE JUDICIARY COMMITTEE,fox
16:01:00,,fox
16:02:00,,fox
16:03:00,,fox
16:04:00,KAVANAUGH: AN OUTRAGE I WAS NOT ABLE TO CLEAR MY NAME THE NEXT DAY,fox
16:05:00,JUDGE KAVANAUGH TESTIFIES ON ACCUSATIONS BEFORE SENATE JUDICIARY COMMITTEE,fox
16:06:00,,fox
16:07:00,,fox
16:08:00,,fox
16:09:00,,fox
16:10:00,,fox
16:11:00,,fox
16:12:00,,fox
16:13:00,HEARING ON KAVANAUGH ALLEGATIONS IN RECESS,fox
16:14:00,,fox
16:15:00,,fox
16:16:00,,fox
16:17:00,,fox
16:18:00,SOON: KAVANAUGH RESUMES SENATE TESTIMONY,fox
16:19:00,,fox
16:20:00,,fox
16:21:00,,fox
16:22:00,"KAVANAUGH: I HAVE DENIED THE ALLEGATION IMMEDIATELY, CATEGORICALLY, AND UNEQUIVOCALLY",fox
16:23:00,SOON: KAVANAUGH RESUMES SENATE TESTIMONY,fox
16:24:00,,fox
16:25:00,,fox
16:26:00,,fox
16:27:00,,fox
16:28:00,JUDGE KAVANAUGH TESTIFIES ON ACCUSATIONS BEFORE SENATE JUDICIARY COMMITTEE,fox
16:29:00,,fox
16:30:00,,fox
16:31:00,,fox
16:32:00,,fox
16:33:00,,fox
16:34:00,,fox
16:35:00,,fox
16:36:00,,fox
16:37:00,,fox
16:38:00,,fox
16:39:00,,fox
16:40:00,,fox
16:41:00,,fox
16:42:00,,fox
16:43:00,,fox
16:44:00,,fox
16:45:00,,fox
16:46:00,,fox
16:47:00,,fox
16:48:00,,fox
16:49:00,,fox
16:50:00,,fox
16:51:00,,fox
16:52:00,,fox
16:53:00,,fox
16:54:00,,fox
16:55:00,,fox
16:56:00,,fox
16:57:00,,fox
16:58:00,,fox
16:59:00,,fox
17:00:00,,fox
17:01:00,,fox
17:02:00,,fox
17:03:00,,fox
17:04:00,,fox
17:05:00,,fox
17:06:00,,fox
17:07:00,,fox
17:08:00,,fox
17:09:00,HEARING ON KAVANAUGH ALLEGATIONS IN RECESS,fox
17:10:00,,fox
17:11:00,,fox
17:12:00,,fox
17:13:00,,fox
17:14:00,,fox
17:15:00,,fox
17:16:00,,fox
17:17:00,,fox
17:18:00,,fox
17:19:00,,fox
17:20:00,,fox
17:21:00,,fox
17:22:00,,fox
17:23:00,,fox
17:24:00,,fox
17:25:00,,fox
17:26:00,,fox
17:27:00,,fox
17:28:00,,fox
17:29:00,JUDGE KAVANAUGH TESTIFIES ON ACCUSATIONS BEFORE SENATE JUDICIARY COMMITTEE,fox
17:30:00,,fox
17:31:00,,fox
17:32:00,,fox
17:33:00,,fox
17:34:00,,fox
17:35:00,,fox
17:36:00,,fox
17:37:00,,fox
17:38:00,,fox
17:39:00,,fox
17:40:00,,fox
17:41:00,,fox
17:42:00,,fox
17:43:00,,fox
17:44:00,,fox
17:45:00,,fox
17:46:00,,fox
17:47:00,,fox
17:48:00,,fox
17:49:00,,fox
17:50:00,,fox
17:51:00,,fox
17:52:00,,fox
17:53:00,,fox
17:54:00,,fox
17:55:00,,fox
17:56:00,,fox
17:57:00,,fox
17:58:00,,fox
17:59:00,,fox
18:00:00,HEARING ON KAVANAUGH ALLEGATIONS IN RECESS,fox
18:01:00,,fox
18:02:00,,fox
18:03:00,,fox
18:04:00,,fox
18:05:00,SOON: KAVANAUGH RESUMES SENATE TESTIMONY,fox
18:06:00,,fox
18:07:00,,fox
18:08:00,JUDGE KAVANAUGH TAKES QUESTIONS FROM SENATE JUDICIARY COMMITTEE,fox
18:09:00,,fox
18:10:00,,fox
18:11:00,,fox
18:12:00,,fox
18:13:00,,fox
18:14:00,,fox
18:15:00,,fox
18:16:00,,fox
18:17:00,,fox
18:18:00,,fox
18:19:00,,fox
18:20:00,,fox
18:21:00,,fox
18:22:00,,fox
18:23:00,,fox
18:24:00,,fox
18:25:00,,fox
18:26:00,,fox
18:27:00,,fox
18:28:00,,fox
18:29:00,,fox
18:30:00,,fox
18:31:00,,fox
18:32:00,FEINSTEIN: I DID NOT HIDE FORD INFORMATION,fox
18:33:00,SUPREME COURT NOMINEE TESTIFIES ON ASSAULT ACCUSATIONS,fox
18:34:00,,fox
18:35:00,JUDGE KAVANAUGH TAKES QUESTIONS FROM SENATE JUDICIARY COMMITTEE,fox
18:36:00,,fox
18:37:00,,fox
18:38:00,,fox
18:39:00,,fox
18:40:00,,fox
18:41:00,,fox
18:42:00,,fox
18:43:00,,fox
18:44:00,,fox
18:45:00,,fox
18:46:00,,fox
18:47:00,,fox
18:48:00,,fox
18:49:00,,fox
18:50:00,,fox
18:51:00,,fox
18:52:00,,fox
18:53:00,,fox
18:54:00,,fox
18:55:00,,fox
18:56:00,,fox
18:57:00,,fox
18:58:00,,fox
18:59:00,,fox
19:00:00,,fox
19:01:00,,fox
19:02:00,,fox
19:03:00,,fox
19:04:00,,fox
19:05:00,,fox
19:06:00,,fox
19:07:00,,fox
19:08:00,,fox
19:09:00,,fox
19:10:00,,fox
19:11:00,,fox
19:12:00,,fox
19:13:00,"GRAHAM: ""THIS IS THE MOST UNETHICAL SHAM SINCE I'VE BEEN IN POLITICS""",fox
